,o1,o2,R_error,T_error,total
0,0,0,5.101507874981788,0.5537269169990282,5.655234791980816
