{
   "T": [
      [
         0.975170327201816,
         -0.09784339500725571,
         0.19866933079506122,
         -0.5
      ],
      [
         0.13711571489227392,
         0.9712299518641178,
         -0.19470917115432523,
         -0.5
      ],
      [
         -0.1739025982401758,
         0.2171152934628922,
         0.9605304970014426,
         -0.5
      ],
      [
         0.0,
         0.0,
         0.0,
         1.0
      ]
   ],
   "r": [
      [
         0.975170327201816,
         -0.09784339500725571,
         0.19866933079506122
      ],
      [
         0.13711571489227392,
         0.9712299518641178,
         -0.19470917115432523
      ],
      [
         -0.1739025982401758,
         0.2171152934628922,
         0.9605304970014426
      ]
   ],
   "t": [
      -0.5,
      -0.5,
      -0.5
   ],
   "GT": [
      [
         0.9751703272018158,
         0.13711571489227392,
         -0.1739025982401758,
         0.5
      ],
      [
         -0.0978433950072557,
         0.9712299518641176,
         0.2171152934628922,
         0.5
      ],
      [
         0.19866933079506124,
         -0.1947091711543253,
         0.9605304970014427,
         0.5
      ],
      [
         0.0,
         0.0,
         0.0,
         1.0
      ]
   ],
   "gt_r": [
      [
         0.9751703272018158,
         0.13711571489227392,
         -0.1739025982401758
      ],
      [
         -0.0978433950072557,
         0.9712299518641176,
         0.2171152934628922
      ],
      [
         0.19866933079506124,
         -0.1947091711543253,
         0.9605304970014427
      ]
   ],
   "gt_t": [
      0.5,
      0.5,
      0.5
   ]
}